reference_month,ticker,value,unit,seasonal_adjustment,report_month,report_release_date,source_id,source_url,table_index_zero_based,observation_role
2019-02,NAPMC@USECON,54.1,diffusion_index,composite_of_adjusted_and_unadjusted_subindexes,2020-01,2020-02-03,manufacturing_2020-01,https://www.prnewswire.com/news-releases/pmi-at-50-9-gdp-growing-at-2-4-january-2020-manufacturing-ism-report-on-business-300997110.html,1,retrospective_table
2019-03,NAPMC@USECON,54.6,diffusion_index,composite_of_adjusted_and_unadjusted_subindexes,2020-01,2020-02-03,manufacturing_2020-01,https://www.prnewswire.com/news-releases/pmi-at-50-9-gdp-growing-at-2-4-january-2020-manufacturing-ism-report-on-business-300997110.html,1,retrospective_table
2019-04,NAPMC@USECON,53.4,diffusion_index,composite_of_adjusted_and_unadjusted_subindexes,2020-01,2020-02-03,manufacturing_2020-01,https://www.prnewswire.com/news-releases/pmi-at-50-9-gdp-growing-at-2-4-january-2020-manufacturing-ism-report-on-business-300997110.html,1,retrospective_table
2019-05,NAPMC@USECON,52.3,diffusion_index,composite_of_adjusted_and_unadjusted_subindexes,2020-01,2020-02-03,manufacturing_2020-01,https://www.prnewswire.com/news-releases/pmi-at-50-9-gdp-growing-at-2-4-january-2020-manufacturing-ism-report-on-business-300997110.html,1,retrospective_table
2019-06,NAPMC@USECON,51.6,diffusion_index,composite_of_adjusted_and_unadjusted_subindexes,2020-01,2020-02-03,manufacturing_2020-01,https://www.prnewswire.com/news-releases/pmi-at-50-9-gdp-growing-at-2-4-january-2020-manufacturing-ism-report-on-business-300997110.html,1,retrospective_table
2019-07,NAPMC@USECON,51.3,diffusion_index,composite_of_adjusted_and_unadjusted_subindexes,2020-01,2020-02-03,manufacturing_2020-01,https://www.prnewswire.com/news-releases/pmi-at-50-9-gdp-growing-at-2-4-january-2020-manufacturing-ism-report-on-business-300997110.html,1,retrospective_table
2019-08,NAPMC@USECON,48.8,diffusion_index,composite_of_adjusted_and_unadjusted_subindexes,2020-01,2020-02-03,manufacturing_2020-01,https://www.prnewswire.com/news-releases/pmi-at-50-9-gdp-growing-at-2-4-january-2020-manufacturing-ism-report-on-business-300997110.html,1,retrospective_table
2019-09,NAPMC@USECON,48.2,diffusion_index,composite_of_adjusted_and_unadjusted_subindexes,2020-01,2020-02-03,manufacturing_2020-01,https://www.prnewswire.com/news-releases/pmi-at-50-9-gdp-growing-at-2-4-january-2020-manufacturing-ism-report-on-business-300997110.html,1,retrospective_table
2019-10,NAPMC@USECON,48.5,diffusion_index,composite_of_adjusted_and_unadjusted_subindexes,2020-01,2020-02-03,manufacturing_2020-01,https://www.prnewswire.com/news-releases/pmi-at-50-9-gdp-growing-at-2-4-january-2020-manufacturing-ism-report-on-business-300997110.html,1,retrospective_table
2019-10,NAPMEI@USECON,47.9,diffusion_index,SA,2020-01,2020-02-03,manufacturing_2020-01,https://www.prnewswire.com/news-releases/pmi-at-50-9-gdp-growing-at-2-4-january-2020-manufacturing-ism-report-on-business-300997110.html,4,retrospective_table
2019-10,NAPMII@USECON,49.4,diffusion_index,SA,2020-01,2020-02-03,manufacturing_2020-01,https://www.prnewswire.com/news-releases/pmi-at-50-9-gdp-growing-at-2-4-january-2020-manufacturing-ism-report-on-business-300997110.html,6,retrospective_table
2019-10,NAPMNI@USECON,48.9,diffusion_index,SA,2020-01,2020-02-03,manufacturing_2020-01,https://www.prnewswire.com/news-releases/pmi-at-50-9-gdp-growing-at-2-4-january-2020-manufacturing-ism-report-on-business-300997110.html,2,retrospective_table
2019-10,NAPMOI@USECON,46.3,diffusion_index,SA,2020-01,2020-02-03,manufacturing_2020-01,https://www.prnewswire.com/news-releases/pmi-at-50-9-gdp-growing-at-2-4-january-2020-manufacturing-ism-report-on-business-300997110.html,3,retrospective_table
2019-10,NAPMPI@USECON,45.5,diffusion_index,NSA,2020-01,2020-02-03,manufacturing_2020-01,https://www.prnewswire.com/news-releases/pmi-at-50-9-gdp-growing-at-2-4-january-2020-manufacturing-ism-report-on-business-300997110.html,8,retrospective_table
2019-10,NAPMVDI@USECON,50.1,diffusion_index,NSA,2020-01,2020-02-03,manufacturing_2020-01,https://www.prnewswire.com/news-releases/pmi-at-50-9-gdp-growing-at-2-4-january-2020-manufacturing-ism-report-on-business-300997110.html,5,retrospective_table
2019-11,NAPMC@USECON,48.1,diffusion_index,composite_of_adjusted_and_unadjusted_subindexes,2020-01,2020-02-03,manufacturing_2020-01,https://www.prnewswire.com/news-releases/pmi-at-50-9-gdp-growing-at-2-4-january-2020-manufacturing-ism-report-on-business-300997110.html,1,retrospective_table
2019-11,NAPMEI@USECON,46.8,diffusion_index,SA,2020-01,2020-02-03,manufacturing_2020-01,https://www.prnewswire.com/news-releases/pmi-at-50-9-gdp-growing-at-2-4-january-2020-manufacturing-ism-report-on-business-300997110.html,4,retrospective_table
2019-11,NAPMII@USECON,47.2,diffusion_index,SA,2020-01,2020-02-03,manufacturing_2020-01,https://www.prnewswire.com/news-releases/pmi-at-50-9-gdp-growing-at-2-4-january-2020-manufacturing-ism-report-on-business-300997110.html,6,retrospective_table
2019-11,NAPMNI@USECON,46.8,diffusion_index,SA,2020-01,2020-02-03,manufacturing_2020-01,https://www.prnewswire.com/news-releases/pmi-at-50-9-gdp-growing-at-2-4-january-2020-manufacturing-ism-report-on-business-300997110.html,2,retrospective_table
2019-11,NAPMOI@USECON,48.0,diffusion_index,SA,2020-01,2020-02-03,manufacturing_2020-01,https://www.prnewswire.com/news-releases/pmi-at-50-9-gdp-growing-at-2-4-january-2020-manufacturing-ism-report-on-business-300997110.html,3,retrospective_table
2019-11,NAPMPI@USECON,46.7,diffusion_index,NSA,2020-01,2020-02-03,manufacturing_2020-01,https://www.prnewswire.com/news-releases/pmi-at-50-9-gdp-growing-at-2-4-january-2020-manufacturing-ism-report-on-business-300997110.html,8,retrospective_table
2019-11,NAPMVDI@USECON,51.7,diffusion_index,NSA,2020-01,2020-02-03,manufacturing_2020-01,https://www.prnewswire.com/news-releases/pmi-at-50-9-gdp-growing-at-2-4-january-2020-manufacturing-ism-report-on-business-300997110.html,5,retrospective_table
2019-12,NAPMC@USECON,47.8,diffusion_index,composite_of_adjusted_and_unadjusted_subindexes,2020-01,2020-02-03,manufacturing_2020-01,https://www.prnewswire.com/news-releases/pmi-at-50-9-gdp-growing-at-2-4-january-2020-manufacturing-ism-report-on-business-300997110.html,1,retrospective_table
2019-12,NAPMEI@USECON,45.2,diffusion_index,SA,2020-01,2020-02-03,manufacturing_2020-01,https://www.prnewswire.com/news-releases/pmi-at-50-9-gdp-growing-at-2-4-january-2020-manufacturing-ism-report-on-business-300997110.html,4,retrospective_table
2019-12,NAPMII@USECON,49.2,diffusion_index,SA,2020-01,2020-02-03,manufacturing_2020-01,https://www.prnewswire.com/news-releases/pmi-at-50-9-gdp-growing-at-2-4-january-2020-manufacturing-ism-report-on-business-300997110.html,6,retrospective_table
2019-12,NAPMNI@USECON,47.6,diffusion_index,SA,2020-01,2020-02-03,manufacturing_2020-01,https://www.prnewswire.com/news-releases/pmi-at-50-9-gdp-growing-at-2-4-january-2020-manufacturing-ism-report-on-business-300997110.html,2,retrospective_table
2019-12,NAPMOI@USECON,44.8,diffusion_index,SA,2020-01,2020-02-03,manufacturing_2020-01,https://www.prnewswire.com/news-releases/pmi-at-50-9-gdp-growing-at-2-4-january-2020-manufacturing-ism-report-on-business-300997110.html,3,retrospective_table
2019-12,NAPMPI@USECON,51.7,diffusion_index,NSA,2020-01,2020-02-03,manufacturing_2020-01,https://www.prnewswire.com/news-releases/pmi-at-50-9-gdp-growing-at-2-4-january-2020-manufacturing-ism-report-on-business-300997110.html,8,retrospective_table
2019-12,NAPMVDI@USECON,52.2,diffusion_index,NSA,2020-01,2020-02-03,manufacturing_2020-01,https://www.prnewswire.com/news-releases/pmi-at-50-9-gdp-growing-at-2-4-january-2020-manufacturing-ism-report-on-business-300997110.html,5,retrospective_table
2020-01,NAPMC@USECON,50.9,diffusion_index,composite_of_adjusted_and_unadjusted_subindexes,2020-01,2020-02-03,manufacturing_2020-01,https://www.prnewswire.com/news-releases/pmi-at-50-9-gdp-growing-at-2-4-january-2020-manufacturing-ism-report-on-business-300997110.html,1,current_month
2020-01,NAPMEI@USECON,46.6,diffusion_index,SA,2020-01,2020-02-03,manufacturing_2020-01,https://www.prnewswire.com/news-releases/pmi-at-50-9-gdp-growing-at-2-4-january-2020-manufacturing-ism-report-on-business-300997110.html,4,current_month
2020-01,NAPMII@USECON,48.8,diffusion_index,SA,2020-01,2020-02-03,manufacturing_2020-01,https://www.prnewswire.com/news-releases/pmi-at-50-9-gdp-growing-at-2-4-january-2020-manufacturing-ism-report-on-business-300997110.html,6,current_month
2020-01,NAPMNI@USECON,52.0,diffusion_index,SA,2020-01,2020-02-03,manufacturing_2020-01,https://www.prnewswire.com/news-releases/pmi-at-50-9-gdp-growing-at-2-4-january-2020-manufacturing-ism-report-on-business-300997110.html,2,current_month
2020-01,NAPMOI@USECON,54.3,diffusion_index,SA,2020-01,2020-02-03,manufacturing_2020-01,https://www.prnewswire.com/news-releases/pmi-at-50-9-gdp-growing-at-2-4-january-2020-manufacturing-ism-report-on-business-300997110.html,3,current_month
2020-01,NAPMPI@USECON,53.3,diffusion_index,NSA,2020-01,2020-02-03,manufacturing_2020-01,https://www.prnewswire.com/news-releases/pmi-at-50-9-gdp-growing-at-2-4-january-2020-manufacturing-ism-report-on-business-300997110.html,8,current_month
2020-01,NAPMVDI@USECON,52.9,diffusion_index,NSA,2020-01,2020-02-03,manufacturing_2020-01,https://www.prnewswire.com/news-releases/pmi-at-50-9-gdp-growing-at-2-4-january-2020-manufacturing-ism-report-on-business-300997110.html,5,current_month
2024-12,NAPMC@USECON,49.2,diffusion_index,composite_of_adjusted_and_unadjusted_subindexes,2025-11,2025-12-01,manufacturing_2025-11,https://www.prnewswire.com/news-releases/manufacturing-pmi-at-48-2-november-2025-ism-manufacturing-pmi-report-302626979.html,1,retrospective_table
2025-01,NAPMC@USECON,50.9,diffusion_index,composite_of_adjusted_and_unadjusted_subindexes,2025-11,2025-12-01,manufacturing_2025-11,https://www.prnewswire.com/news-releases/manufacturing-pmi-at-48-2-november-2025-ism-manufacturing-pmi-report-302626979.html,1,retrospective_table
2025-02,NAPMC@USECON,50.3,diffusion_index,composite_of_adjusted_and_unadjusted_subindexes,2025-11,2025-12-01,manufacturing_2025-11,https://www.prnewswire.com/news-releases/manufacturing-pmi-at-48-2-november-2025-ism-manufacturing-pmi-report-302626979.html,1,retrospective_table
2025-03,NAPMC@USECON,48.9,diffusion_index,composite_of_adjusted_and_unadjusted_subindexes,2026-02,2026-03-02,manufacturing_2026-02,https://www.prnewswire.com/news-releases/manufacturing-pmi-at-52-4-february-2026-ism-manufacturing-pmi-report-302699883.html,1,retrospective_table
2025-03,NMFC@SURVEYS,50.8,diffusion_index,composite_of_adjusted_and_unadjusted_subindexes,2026-02,2026-03-04,services_2026-02,https://www.prnewswire.com/news-releases/services-pmi-at-56-1-february-2026-ism-services-pmi-report-302702978.html,1,retrospective_table
2025-04,NAPMC@USECON,48.8,diffusion_index,composite_of_adjusted_and_unadjusted_subindexes,2026-02,2026-03-02,manufacturing_2026-02,https://www.prnewswire.com/news-releases/manufacturing-pmi-at-52-4-february-2026-ism-manufacturing-pmi-report-302699883.html,1,retrospective_table
2025-04,NMFC@SURVEYS,51.6,diffusion_index,composite_of_adjusted_and_unadjusted_subindexes,2026-02,2026-03-04,services_2026-02,https://www.prnewswire.com/news-releases/services-pmi-at-56-1-february-2026-ism-services-pmi-report-302702978.html,1,retrospective_table
2025-05,NAPMC@USECON,48.6,diffusion_index,composite_of_adjusted_and_unadjusted_subindexes,2026-02,2026-03-02,manufacturing_2026-02,https://www.prnewswire.com/news-releases/manufacturing-pmi-at-52-4-february-2026-ism-manufacturing-pmi-report-302699883.html,1,retrospective_table
2025-05,NMFC@SURVEYS,50.2,diffusion_index,composite_of_adjusted_and_unadjusted_subindexes,2026-02,2026-03-04,services_2026-02,https://www.prnewswire.com/news-releases/services-pmi-at-56-1-february-2026-ism-services-pmi-report-302702978.html,1,retrospective_table
2025-06,NAPMC@USECON,49.0,diffusion_index,composite_of_adjusted_and_unadjusted_subindexes,2026-05,2026-06-01,manufacturing_2026-05,https://www.prnewswire.com/news-releases/manufacturing-pmi-at-54-may-2026-ism-manufacturing-pmi-report-302786165.html,1,retrospective_table
2025-06,NMFC@SURVEYS,50.8,diffusion_index,composite_of_adjusted_and_unadjusted_subindexes,2026-02,2026-03-04,services_2026-02,https://www.prnewswire.com/news-releases/services-pmi-at-56-1-february-2026-ism-services-pmi-report-302702978.html,1,retrospective_table
2025-07,NAPMC@USECON,48.4,diffusion_index,composite_of_adjusted_and_unadjusted_subindexes,2026-05,2026-06-01,manufacturing_2026-05,https://www.prnewswire.com/news-releases/manufacturing-pmi-at-54-may-2026-ism-manufacturing-pmi-report-302786165.html,1,retrospective_table
2025-07,NMFC@SURVEYS,50.5,diffusion_index,composite_of_adjusted_and_unadjusted_subindexes,2026-02,2026-03-04,services_2026-02,https://www.prnewswire.com/news-releases/services-pmi-at-56-1-february-2026-ism-services-pmi-report-302702978.html,1,retrospective_table
2025-08,NAPMC@USECON,48.9,diffusion_index,composite_of_adjusted_and_unadjusted_subindexes,2026-05,2026-06-01,manufacturing_2026-05,https://www.prnewswire.com/news-releases/manufacturing-pmi-at-54-may-2026-ism-manufacturing-pmi-report-302786165.html,1,retrospective_table
2025-08,NAPMEI@USECON,43.8,diffusion_index,SA,2025-11,2025-12-01,manufacturing_2025-11,https://www.prnewswire.com/news-releases/manufacturing-pmi-at-48-2-november-2025-ism-manufacturing-pmi-report-302626979.html,4,retrospective_table
2025-08,NAPMII@USECON,49.4,diffusion_index,SA,2025-11,2025-12-01,manufacturing_2025-11,https://www.prnewswire.com/news-releases/manufacturing-pmi-at-48-2-november-2025-ism-manufacturing-pmi-report-302626979.html,6,retrospective_table
2025-08,NAPMNI@USECON,51.4,diffusion_index,SA,2025-11,2025-12-01,manufacturing_2025-11,https://www.prnewswire.com/news-releases/manufacturing-pmi-at-48-2-november-2025-ism-manufacturing-pmi-report-302626979.html,2,retrospective_table
2025-08,NAPMOI@USECON,47.8,diffusion_index,SA,2025-11,2025-12-01,manufacturing_2025-11,https://www.prnewswire.com/news-releases/manufacturing-pmi-at-48-2-november-2025-ism-manufacturing-pmi-report-302626979.html,3,retrospective_table
2025-08,NAPMPI@USECON,63.7,diffusion_index,NSA,2025-11,2025-12-01,manufacturing_2025-11,https://www.prnewswire.com/news-releases/manufacturing-pmi-at-48-2-november-2025-ism-manufacturing-pmi-report-302626979.html,8,retrospective_table
2025-08,NAPMVDI@USECON,51.3,diffusion_index,NSA,2025-11,2025-12-01,manufacturing_2025-11,https://www.prnewswire.com/news-releases/manufacturing-pmi-at-48-2-november-2025-ism-manufacturing-pmi-report-302626979.html,5,retrospective_table
2025-08,NMFC@SURVEYS,51.9,diffusion_index,composite_of_adjusted_and_unadjusted_subindexes,2026-02,2026-03-04,services_2026-02,https://www.prnewswire.com/news-releases/services-pmi-at-56-1-february-2026-ism-services-pmi-report-302702978.html,1,retrospective_table
2025-09,NAPMC@USECON,48.9,diffusion_index,composite_of_adjusted_and_unadjusted_subindexes,2026-08,2026-09-01,manufacturing_2026-08,https://www.ismworld.org/supply-management-news-and-reports/reports/ism-pmi-reports/pmi/august/,2,retrospective_table
2025-09,NAPMEI@USECON,45.3,diffusion_index,SA,2025-11,2025-12-01,manufacturing_2025-11,https://www.prnewswire.com/news-releases/manufacturing-pmi-at-48-2-november-2025-ism-manufacturing-pmi-report-302626979.html,4,retrospective_table
2025-09,NAPMII@USECON,47.7,diffusion_index,SA,2025-11,2025-12-01,manufacturing_2025-11,https://www.prnewswire.com/news-releases/manufacturing-pmi-at-48-2-november-2025-ism-manufacturing-pmi-report-302626979.html,6,retrospective_table
2025-09,NAPMNI@USECON,48.9,diffusion_index,SA,2025-11,2025-12-01,manufacturing_2025-11,https://www.prnewswire.com/news-releases/manufacturing-pmi-at-48-2-november-2025-ism-manufacturing-pmi-report-302626979.html,2,retrospective_table
2025-09,NAPMOI@USECON,51.0,diffusion_index,SA,2025-11,2025-12-01,manufacturing_2025-11,https://www.prnewswire.com/news-releases/manufacturing-pmi-at-48-2-november-2025-ism-manufacturing-pmi-report-302626979.html,3,retrospective_table
2025-09,NAPMPI@USECON,61.9,diffusion_index,NSA,2025-11,2025-12-01,manufacturing_2025-11,https://www.prnewswire.com/news-releases/manufacturing-pmi-at-48-2-november-2025-ism-manufacturing-pmi-report-302626979.html,8,retrospective_table
2025-09,NAPMVDI@USECON,52.6,diffusion_index,NSA,2025-11,2025-12-01,manufacturing_2025-11,https://www.prnewswire.com/news-releases/manufacturing-pmi-at-48-2-november-2025-ism-manufacturing-pmi-report-302626979.html,5,retrospective_table
2025-09,NMFC@SURVEYS,50.3,diffusion_index,composite_of_adjusted_and_unadjusted_subindexes,2026-08,2026-09-03,services_2026-08,https://www.ismworld.org/supply-management-news-and-reports/reports/ism-pmi-reports/services/august/,2,retrospective_table
2025-10,NAPMC@USECON,48.8,diffusion_index,composite_of_adjusted_and_unadjusted_subindexes,2026-08,2026-09-01,manufacturing_2026-08,https://www.ismworld.org/supply-management-news-and-reports/reports/ism-pmi-reports/pmi/august/,2,retrospective_table
2025-10,NAPMEI@USECON,46.0,diffusion_index,SA,2025-11,2025-12-01,manufacturing_2025-11,https://www.prnewswire.com/news-releases/manufacturing-pmi-at-48-2-november-2025-ism-manufacturing-pmi-report-302626979.html,4,retrospective_table
2025-10,NAPMII@USECON,45.8,diffusion_index,SA,2025-11,2025-12-01,manufacturing_2025-11,https://www.prnewswire.com/news-releases/manufacturing-pmi-at-48-2-november-2025-ism-manufacturing-pmi-report-302626979.html,6,retrospective_table
2025-10,NAPMNI@USECON,49.4,diffusion_index,SA,2025-11,2025-12-01,manufacturing_2025-11,https://www.prnewswire.com/news-releases/manufacturing-pmi-at-48-2-november-2025-ism-manufacturing-pmi-report-302626979.html,2,retrospective_table
2025-10,NAPMOI@USECON,48.2,diffusion_index,SA,2025-11,2025-12-01,manufacturing_2025-11,https://www.prnewswire.com/news-releases/manufacturing-pmi-at-48-2-november-2025-ism-manufacturing-pmi-report-302626979.html,3,retrospective_table
2025-10,NAPMPI@USECON,58.0,diffusion_index,NSA,2025-11,2025-12-01,manufacturing_2025-11,https://www.prnewswire.com/news-releases/manufacturing-pmi-at-48-2-november-2025-ism-manufacturing-pmi-report-302626979.html,8,retrospective_table
2025-10,NAPMVDI@USECON,54.2,diffusion_index,NSA,2025-11,2025-12-01,manufacturing_2025-11,https://www.prnewswire.com/news-releases/manufacturing-pmi-at-48-2-november-2025-ism-manufacturing-pmi-report-302626979.html,5,retrospective_table
2025-10,NMFC@SURVEYS,52.0,diffusion_index,composite_of_adjusted_and_unadjusted_subindexes,2026-08,2026-09-03,services_2026-08,https://www.ismworld.org/supply-management-news-and-reports/reports/ism-pmi-reports/services/august/,2,retrospective_table
2025-11,NAPMC@USECON,48.0,diffusion_index,composite_of_adjusted_and_unadjusted_subindexes,2026-08,2026-09-01,manufacturing_2026-08,https://www.ismworld.org/supply-management-news-and-reports/reports/ism-pmi-reports/pmi/august/,2,retrospective_table
2025-11,NAPMEI@USECON,44.1,diffusion_index,SA,2026-02,2026-03-02,manufacturing_2026-02,https://www.prnewswire.com/news-releases/manufacturing-pmi-at-52-4-february-2026-ism-manufacturing-pmi-report-302699883.html,4,retrospective_table
2025-11,NAPMII@USECON,48.5,diffusion_index,SA,2026-02,2026-03-02,manufacturing_2026-02,https://www.prnewswire.com/news-releases/manufacturing-pmi-at-52-4-february-2026-ism-manufacturing-pmi-report-302699883.html,6,retrospective_table
2025-11,NAPMNI@USECON,47.3,diffusion_index,SA,2026-02,2026-03-02,manufacturing_2026-02,https://www.prnewswire.com/news-releases/manufacturing-pmi-at-52-4-february-2026-ism-manufacturing-pmi-report-302699883.html,2,retrospective_table
2025-11,NAPMOI@USECON,51.1,diffusion_index,SA,2026-02,2026-03-02,manufacturing_2026-02,https://www.prnewswire.com/news-releases/manufacturing-pmi-at-52-4-february-2026-ism-manufacturing-pmi-report-302699883.html,3,retrospective_table
2025-11,NAPMPI@USECON,58.5,diffusion_index,NSA,2026-02,2026-03-02,manufacturing_2026-02,https://www.prnewswire.com/news-releases/manufacturing-pmi-at-52-4-february-2026-ism-manufacturing-pmi-report-302699883.html,8,retrospective_table
2025-11,NAPMVDI@USECON,49.3,diffusion_index,NSA,2026-02,2026-03-02,manufacturing_2026-02,https://www.prnewswire.com/news-releases/manufacturing-pmi-at-52-4-february-2026-ism-manufacturing-pmi-report-302699883.html,5,retrospective_table
2025-11,NMFC@SURVEYS,52.4,diffusion_index,composite_of_adjusted_and_unadjusted_subindexes,2026-08,2026-09-03,services_2026-08,https://www.ismworld.org/supply-management-news-and-reports/reports/ism-pmi-reports/services/august/,2,retrospective_table
2025-12,NAPMC@USECON,47.9,diffusion_index,composite_of_adjusted_and_unadjusted_subindexes,2026-08,2026-09-01,manufacturing_2026-08,https://www.ismworld.org/supply-management-news-and-reports/reports/ism-pmi-reports/pmi/august/,2,retrospective_table
2025-12,NAPMEI@USECON,44.8,diffusion_index,SA,2026-02,2026-03-02,manufacturing_2026-02,https://www.prnewswire.com/news-releases/manufacturing-pmi-at-52-4-february-2026-ism-manufacturing-pmi-report-302699883.html,4,retrospective_table
2025-12,NAPMII@USECON,45.7,diffusion_index,SA,2026-02,2026-03-02,manufacturing_2026-02,https://www.prnewswire.com/news-releases/manufacturing-pmi-at-52-4-february-2026-ism-manufacturing-pmi-report-302699883.html,6,retrospective_table
2025-12,NAPMNI@USECON,47.4,diffusion_index,SA,2026-02,2026-03-02,manufacturing_2026-02,https://www.prnewswire.com/news-releases/manufacturing-pmi-at-52-4-february-2026-ism-manufacturing-pmi-report-302699883.html,2,retrospective_table
2025-12,NAPMOI@USECON,50.7,diffusion_index,SA,2026-02,2026-03-02,manufacturing_2026-02,https://www.prnewswire.com/news-releases/manufacturing-pmi-at-52-4-february-2026-ism-manufacturing-pmi-report-302699883.html,3,retrospective_table
2025-12,NAPMPI@USECON,58.5,diffusion_index,NSA,2026-02,2026-03-02,manufacturing_2026-02,https://www.prnewswire.com/news-releases/manufacturing-pmi-at-52-4-february-2026-ism-manufacturing-pmi-report-302699883.html,8,retrospective_table
2025-12,NAPMVDI@USECON,50.8,diffusion_index,NSA,2026-02,2026-03-02,manufacturing_2026-02,https://www.prnewswire.com/news-releases/manufacturing-pmi-at-52-4-february-2026-ism-manufacturing-pmi-report-302699883.html,5,retrospective_table
2025-12,NMFC@SURVEYS,53.8,diffusion_index,composite_of_adjusted_and_unadjusted_subindexes,2026-08,2026-09-03,services_2026-08,https://www.ismworld.org/supply-management-news-and-reports/reports/ism-pmi-reports/services/august/,2,retrospective_table
2026-01,NAPMC@USECON,52.6,diffusion_index,composite_of_adjusted_and_unadjusted_subindexes,2026-08,2026-09-01,manufacturing_2026-08,https://www.ismworld.org/supply-management-news-and-reports/reports/ism-pmi-reports/pmi/august/,2,retrospective_table
2026-01,NAPMEI@USECON,48.1,diffusion_index,SA,2026-02,2026-03-02,manufacturing_2026-02,https://www.prnewswire.com/news-releases/manufacturing-pmi-at-52-4-february-2026-ism-manufacturing-pmi-report-302699883.html,4,retrospective_table
2026-01,NAPMII@USECON,47.6,diffusion_index,SA,2026-02,2026-03-02,manufacturing_2026-02,https://www.prnewswire.com/news-releases/manufacturing-pmi-at-52-4-february-2026-ism-manufacturing-pmi-report-302699883.html,6,retrospective_table
2026-01,NAPMNI@USECON,57.1,diffusion_index,SA,2026-02,2026-03-02,manufacturing_2026-02,https://www.prnewswire.com/news-releases/manufacturing-pmi-at-52-4-february-2026-ism-manufacturing-pmi-report-302699883.html,2,retrospective_table
2026-01,NAPMOI@USECON,55.9,diffusion_index,SA,2026-02,2026-03-02,manufacturing_2026-02,https://www.prnewswire.com/news-releases/manufacturing-pmi-at-52-4-february-2026-ism-manufacturing-pmi-report-302699883.html,3,retrospective_table
2026-01,NAPMPI@USECON,59.0,diffusion_index,NSA,2026-02,2026-03-02,manufacturing_2026-02,https://www.prnewswire.com/news-releases/manufacturing-pmi-at-52-4-february-2026-ism-manufacturing-pmi-report-302699883.html,8,retrospective_table
2026-01,NAPMVDI@USECON,54.4,diffusion_index,NSA,2026-02,2026-03-02,manufacturing_2026-02,https://www.prnewswire.com/news-releases/manufacturing-pmi-at-52-4-february-2026-ism-manufacturing-pmi-report-302699883.html,5,retrospective_table
2026-01,NMFC@SURVEYS,53.8,diffusion_index,composite_of_adjusted_and_unadjusted_subindexes,2026-08,2026-09-03,services_2026-08,https://www.ismworld.org/supply-management-news-and-reports/reports/ism-pmi-reports/services/august/,2,retrospective_table
2026-02,NAPMC@USECON,52.4,diffusion_index,composite_of_adjusted_and_unadjusted_subindexes,2026-08,2026-09-01,manufacturing_2026-08,https://www.ismworld.org/supply-management-news-and-reports/reports/ism-pmi-reports/pmi/august/,2,retrospective_table
2026-02,NAPMEI@USECON,48.8,diffusion_index,SA,2026-05,2026-06-01,manufacturing_2026-05,https://www.prnewswire.com/news-releases/manufacturing-pmi-at-54-may-2026-ism-manufacturing-pmi-report-302786165.html,4,retrospective_table
2026-02,NAPMII@USECON,48.8,diffusion_index,SA,2026-05,2026-06-01,manufacturing_2026-05,https://www.prnewswire.com/news-releases/manufacturing-pmi-at-54-may-2026-ism-manufacturing-pmi-report-302786165.html,6,retrospective_table
2026-02,NAPMNI@USECON,55.8,diffusion_index,SA,2026-05,2026-06-01,manufacturing_2026-05,https://www.prnewswire.com/news-releases/manufacturing-pmi-at-54-may-2026-ism-manufacturing-pmi-report-302786165.html,2,retrospective_table
2026-02,NAPMOI@USECON,53.5,diffusion_index,SA,2026-05,2026-06-01,manufacturing_2026-05,https://www.prnewswire.com/news-releases/manufacturing-pmi-at-54-may-2026-ism-manufacturing-pmi-report-302786165.html,3,retrospective_table
2026-02,NAPMPI@USECON,70.5,diffusion_index,NSA,2026-05,2026-06-01,manufacturing_2026-05,https://www.prnewswire.com/news-releases/manufacturing-pmi-at-54-may-2026-ism-manufacturing-pmi-report-302786165.html,8,retrospective_table
2026-02,NAPMVDI@USECON,55.1,diffusion_index,NSA,2026-05,2026-06-01,manufacturing_2026-05,https://www.prnewswire.com/news-releases/manufacturing-pmi-at-54-may-2026-ism-manufacturing-pmi-report-302786165.html,5,retrospective_table
2026-02,NMFC@SURVEYS,56.1,diffusion_index,composite_of_adjusted_and_unadjusted_subindexes,2026-08,2026-09-03,services_2026-08,https://www.ismworld.org/supply-management-news-and-reports/reports/ism-pmi-reports/services/august/,2,retrospective_table
2026-03,NAPMC@USECON,52.7,diffusion_index,composite_of_adjusted_and_unadjusted_subindexes,2026-08,2026-09-01,manufacturing_2026-08,https://www.ismworld.org/supply-management-news-and-reports/reports/ism-pmi-reports/pmi/august/,1,retrospective_table
2026-03,NAPMEI@USECON,48.7,diffusion_index,SA,2026-05,2026-06-01,manufacturing_2026-05,https://www.prnewswire.com/news-releases/manufacturing-pmi-at-54-may-2026-ism-manufacturing-pmi-report-302786165.html,4,retrospective_table
2026-03,NAPMII@USECON,47.1,diffusion_index,SA,2026-05,2026-06-01,manufacturing_2026-05,https://www.prnewswire.com/news-releases/manufacturing-pmi-at-54-may-2026-ism-manufacturing-pmi-report-302786165.html,6,retrospective_table
2026-03,NAPMNI@USECON,53.5,diffusion_index,SA,2026-05,2026-06-01,manufacturing_2026-05,https://www.prnewswire.com/news-releases/manufacturing-pmi-at-54-may-2026-ism-manufacturing-pmi-report-302786165.html,2,retrospective_table
2026-03,NAPMOI@USECON,55.1,diffusion_index,SA,2026-05,2026-06-01,manufacturing_2026-05,https://www.prnewswire.com/news-releases/manufacturing-pmi-at-54-may-2026-ism-manufacturing-pmi-report-302786165.html,3,retrospective_table
2026-03,NAPMPI@USECON,78.3,diffusion_index,NSA,2026-05,2026-06-01,manufacturing_2026-05,https://www.prnewswire.com/news-releases/manufacturing-pmi-at-54-may-2026-ism-manufacturing-pmi-report-302786165.html,8,retrospective_table
2026-03,NAPMVDI@USECON,58.9,diffusion_index,NSA,2026-05,2026-06-01,manufacturing_2026-05,https://www.prnewswire.com/news-releases/manufacturing-pmi-at-54-may-2026-ism-manufacturing-pmi-report-302786165.html,5,retrospective_table
2026-03,NMFC@SURVEYS,54.0,diffusion_index,composite_of_adjusted_and_unadjusted_subindexes,2026-08,2026-09-03,services_2026-08,https://www.ismworld.org/supply-management-news-and-reports/reports/ism-pmi-reports/services/august/,1,retrospective_table
2026-04,NAPMC@USECON,52.7,diffusion_index,composite_of_adjusted_and_unadjusted_subindexes,2026-08,2026-09-01,manufacturing_2026-08,https://www.ismworld.org/supply-management-news-and-reports/reports/ism-pmi-reports/pmi/august/,1,retrospective_table
2026-04,NAPMEI@USECON,46.4,diffusion_index,SA,2026-05,2026-06-01,manufacturing_2026-05,https://www.prnewswire.com/news-releases/manufacturing-pmi-at-54-may-2026-ism-manufacturing-pmi-report-302786165.html,4,retrospective_table
2026-04,NAPMII@USECON,49.0,diffusion_index,SA,2026-05,2026-06-01,manufacturing_2026-05,https://www.prnewswire.com/news-releases/manufacturing-pmi-at-54-may-2026-ism-manufacturing-pmi-report-302786165.html,6,retrospective_table
2026-04,NAPMNI@USECON,54.1,diffusion_index,SA,2026-05,2026-06-01,manufacturing_2026-05,https://www.prnewswire.com/news-releases/manufacturing-pmi-at-54-may-2026-ism-manufacturing-pmi-report-302786165.html,2,retrospective_table
2026-04,NAPMOI@USECON,53.4,diffusion_index,SA,2026-05,2026-06-01,manufacturing_2026-05,https://www.prnewswire.com/news-releases/manufacturing-pmi-at-54-may-2026-ism-manufacturing-pmi-report-302786165.html,3,retrospective_table
2026-04,NAPMPI@USECON,84.6,diffusion_index,NSA,2026-05,2026-06-01,manufacturing_2026-05,https://www.prnewswire.com/news-releases/manufacturing-pmi-at-54-may-2026-ism-manufacturing-pmi-report-302786165.html,8,retrospective_table
2026-04,NAPMVDI@USECON,60.6,diffusion_index,NSA,2026-05,2026-06-01,manufacturing_2026-05,https://www.prnewswire.com/news-releases/manufacturing-pmi-at-54-may-2026-ism-manufacturing-pmi-report-302786165.html,5,retrospective_table
2026-04,NMFC@SURVEYS,53.6,diffusion_index,composite_of_adjusted_and_unadjusted_subindexes,2026-08,2026-09-03,services_2026-08,https://www.ismworld.org/supply-management-news-and-reports/reports/ism-pmi-reports/services/august/,1,retrospective_table
2026-05,NAPMC@USECON,54.0,diffusion_index,composite_of_adjusted_and_unadjusted_subindexes,2026-08,2026-09-01,manufacturing_2026-08,https://www.ismworld.org/supply-management-news-and-reports/reports/ism-pmi-reports/pmi/august/,1,retrospective_table
2026-05,NAPMEI@USECON,48.6,diffusion_index,SA,2026-08,2026-09-01,manufacturing_2026-08,https://www.ismworld.org/supply-management-news-and-reports/reports/ism-pmi-reports/pmi/august/,5,retrospective_table
2026-05,NAPMII@USECON,49.9,diffusion_index,SA,2026-08,2026-09-01,manufacturing_2026-08,https://www.ismworld.org/supply-management-news-and-reports/reports/ism-pmi-reports/pmi/august/,7,retrospective_table
2026-05,NAPMNI@USECON,56.8,diffusion_index,SA,2026-08,2026-09-01,manufacturing_2026-08,https://www.ismworld.org/supply-management-news-and-reports/reports/ism-pmi-reports/pmi/august/,3,retrospective_table
2026-05,NAPMOI@USECON,54.3,diffusion_index,SA,2026-08,2026-09-01,manufacturing_2026-08,https://www.ismworld.org/supply-management-news-and-reports/reports/ism-pmi-reports/pmi/august/,4,retrospective_table
2026-05,NAPMPI@USECON,82.1,diffusion_index,NSA,2026-08,2026-09-01,manufacturing_2026-08,https://www.ismworld.org/supply-management-news-and-reports/reports/ism-pmi-reports/pmi/august/,9,retrospective_table
2026-05,NAPMVDI@USECON,60.6,diffusion_index,NSA,2026-08,2026-09-01,manufacturing_2026-08,https://www.ismworld.org/supply-management-news-and-reports/reports/ism-pmi-reports/pmi/august/,6,retrospective_table
2026-05,NMFC@SURVEYS,54.5,diffusion_index,composite_of_adjusted_and_unadjusted_subindexes,2026-08,2026-09-03,services_2026-08,https://www.ismworld.org/supply-management-news-and-reports/reports/ism-pmi-reports/services/august/,1,retrospective_table
2026-06,NAPMC@USECON,53.3,diffusion_index,composite_of_adjusted_and_unadjusted_subindexes,2026-08,2026-09-01,manufacturing_2026-08,https://www.ismworld.org/supply-management-news-and-reports/reports/ism-pmi-reports/pmi/august/,1,retrospective_table
2026-06,NAPMEI@USECON,49.7,diffusion_index,SA,2026-08,2026-09-01,manufacturing_2026-08,https://www.ismworld.org/supply-management-news-and-reports/reports/ism-pmi-reports/pmi/august/,5,retrospective_table
2026-06,NAPMII@USECON,51.4,diffusion_index,SA,2026-08,2026-09-01,manufacturing_2026-08,https://www.ismworld.org/supply-management-news-and-reports/reports/ism-pmi-reports/pmi/august/,7,retrospective_table
2026-06,NAPMNI@USECON,56.0,diffusion_index,SA,2026-08,2026-09-01,manufacturing_2026-08,https://www.ismworld.org/supply-management-news-and-reports/reports/ism-pmi-reports/pmi/august/,3,retrospective_table
2026-06,NAPMOI@USECON,52.2,diffusion_index,SA,2026-08,2026-09-01,manufacturing_2026-08,https://www.ismworld.org/supply-management-news-and-reports/reports/ism-pmi-reports/pmi/august/,4,retrospective_table
2026-06,NAPMPI@USECON,73.0,diffusion_index,NSA,2026-08,2026-09-01,manufacturing_2026-08,https://www.ismworld.org/supply-management-news-and-reports/reports/ism-pmi-reports/pmi/august/,9,retrospective_table
2026-06,NAPMVDI@USECON,57.4,diffusion_index,NSA,2026-08,2026-09-01,manufacturing_2026-08,https://www.ismworld.org/supply-management-news-and-reports/reports/ism-pmi-reports/pmi/august/,6,retrospective_table
2026-06,NMFC@SURVEYS,54.0,diffusion_index,composite_of_adjusted_and_unadjusted_subindexes,2026-08,2026-09-03,services_2026-08,https://www.ismworld.org/supply-management-news-and-reports/reports/ism-pmi-reports/services/august/,1,retrospective_table
2026-07,NAPMC@USECON,55.6,diffusion_index,composite_of_adjusted_and_unadjusted_subindexes,2026-08,2026-09-01,manufacturing_2026-08,https://www.ismworld.org/supply-management-news-and-reports/reports/ism-pmi-reports/pmi/august/,1,retrospective_table
2026-07,NAPMEI@USECON,52.8,diffusion_index,SA,2026-08,2026-09-01,manufacturing_2026-08,https://www.ismworld.org/supply-management-news-and-reports/reports/ism-pmi-reports/pmi/august/,5,retrospective_table
2026-07,NAPMII@USECON,51.2,diffusion_index,SA,2026-08,2026-09-01,manufacturing_2026-08,https://www.ismworld.org/supply-management-news-and-reports/reports/ism-pmi-reports/pmi/august/,7,retrospective_table
2026-07,NAPMNI@USECON,56.7,diffusion_index,SA,2026-08,2026-09-01,manufacturing_2026-08,https://www.ismworld.org/supply-management-news-and-reports/reports/ism-pmi-reports/pmi/august/,3,retrospective_table
2026-07,NAPMOI@USECON,58.5,diffusion_index,SA,2026-08,2026-09-01,manufacturing_2026-08,https://www.ismworld.org/supply-management-news-and-reports/reports/ism-pmi-reports/pmi/august/,4,retrospective_table
2026-07,NAPMPI@USECON,71.1,diffusion_index,NSA,2026-08,2026-09-01,manufacturing_2026-08,https://www.ismworld.org/supply-management-news-and-reports/reports/ism-pmi-reports/pmi/august/,9,retrospective_table
2026-07,NAPMVDI@USECON,58.9,diffusion_index,NSA,2026-08,2026-09-01,manufacturing_2026-08,https://www.ismworld.org/supply-management-news-and-reports/reports/ism-pmi-reports/pmi/august/,6,retrospective_table
2026-07,NMFC@SURVEYS,54.1,diffusion_index,composite_of_adjusted_and_unadjusted_subindexes,2026-08,2026-09-03,services_2026-08,https://www.ismworld.org/supply-management-news-and-reports/reports/ism-pmi-reports/services/august/,1,retrospective_table
2026-08,NAPMC@USECON,54.6,diffusion_index,composite_of_adjusted_and_unadjusted_subindexes,2026-08,2026-09-01,manufacturing_2026-08,https://www.ismworld.org/supply-management-news-and-reports/reports/ism-pmi-reports/pmi/august/,1,current_month
2026-08,NAPMEI@USECON,51.2,diffusion_index,SA,2026-08,2026-09-01,manufacturing_2026-08,https://www.ismworld.org/supply-management-news-and-reports/reports/ism-pmi-reports/pmi/august/,5,current_month
2026-08,NAPMII@USECON,50.6,diffusion_index,SA,2026-08,2026-09-01,manufacturing_2026-08,https://www.ismworld.org/supply-management-news-and-reports/reports/ism-pmi-reports/pmi/august/,7,current_month
2026-08,NAPMNI@USECON,53.7,diffusion_index,SA,2026-08,2026-09-01,manufacturing_2026-08,https://www.ismworld.org/supply-management-news-and-reports/reports/ism-pmi-reports/pmi/august/,3,current_month
2026-08,NAPMOI@USECON,58.3,diffusion_index,SA,2026-08,2026-09-01,manufacturing_2026-08,https://www.ismworld.org/supply-management-news-and-reports/reports/ism-pmi-reports/pmi/august/,4,current_month
2026-08,NAPMPI@USECON,71.1,diffusion_index,NSA,2026-08,2026-09-01,manufacturing_2026-08,https://www.ismworld.org/supply-management-news-and-reports/reports/ism-pmi-reports/pmi/august/,9,current_month
2026-08,NAPMVDI@USECON,59.3,diffusion_index,NSA,2026-08,2026-09-01,manufacturing_2026-08,https://www.ismworld.org/supply-management-news-and-reports/reports/ism-pmi-reports/pmi/august/,6,current_month
2026-08,NMFC@SURVEYS,55.4,diffusion_index,composite_of_adjusted_and_unadjusted_subindexes,2026-08,2026-09-03,services_2026-08,https://www.ismworld.org/supply-management-news-and-reports/reports/ism-pmi-reports/services/august/,1,current_month
